<?xml version="1.0" encoding="UTF-8"?>
<RootElement documentVersion="1.2" status="testing">
  
  <GeneralSettings>
    <AppName>CtrlrX Parser Test</AppName>
    <Resolution mode="high">1920x1080</Resolution>
    <FullScreen>true</FullScreen>
    <Description>
      A simple paragraph of text inside an element.
    </Description>
  </GeneralSettings>

<DeviceDefinitions>
      <list name="AvailableDevices" type="obj">
         <obj class="SynthesizerModel" ID="SYN-001">
            <string name="ModelName" value="Jupiter-8 Emulation"/>
            </obj>
      </list>
  </DeviceDefinitions>

  <EdgeCases>
    
    <EmptySelfClosingTag attribute="I exist"/>
    <EmptyFullTag></EmptyFullTag>

    <EscapedText>If X &lt; 10 and Y &gt; 20, try &quot;Rock &amp; Roll&quot;.</EscapedText>

    <RawDataSection>
        <![CDATA[
        In here I can write tags like <obj> or <list> and the parser
        won't get confused. It will treat this whole block as one string.
        ]]>
    </RawDataSection>

    <WhitespaceTest>
        
        This text has significant
        newlines and tabs around it.
        
    </WhitespaceTest>

  </EdgeCases>
</RootElement>